{
    "nodeGraph": {
        "envelopeVersion": "2021-01-01",
        "packages": [
            {
                "name": "201125699002::ppe_panorama_app",
                "version": "1.0"
            },
            {
                "name": "panorama::hdmi_data_sink",
                "version": "1.0"
            },
            {
                "name": "panorama::abstract_rtsp_media_source",
                "version": "1.0"
            }
        ],
        "nodes": [
            {
                "name": "front_door_camera",
                "interface": "panorama::abstract_rtsp_media_source.rtsp_v1_interface",
                "overridable": true,
                "launch": "onAppStart",
                "decorator": {
                    "title": "Camera front_door_camera",
                    "description": "Default description for camera front_door_camera"
                }
            },
            {
                "name": "ppe_panorama_app_node",
                "interface": "201125699002::ppe_panorama_app.ppe_panorama_app_interface",
                "overridable": false,
                "launch": "onAppStart"
            },
            {
                "name": "output_node",
                "interface": "panorama::hdmi_data_sink.hdmi0",
                "overridable": true,
                "launch": "onAppStart"
            },
            {
                "name": "environment_variable",
                "interface": "string",
                "overridable": true,
                "decorator": {
                    "title": "environment variable for ppe",
                    "description": "Let the application know where to send the file via the environment"
                }
            },
            {
                "name": "region_variable",
                "interface": "string",
                "overridable": true,
                "decorator": {
                    "title": "region variable for ppe",
                    "description": "Let the application know where to send the file via the environment"
                }
            },
            {
                "name": "deviceId_variable",
                "interface": "string",
                "overridable": true,
                "decorator": {
                    "title": "deviceId variable for ppe",
                    "description": "Let the application know where to send the file via the environment"
                }
            },
            {
                "name": "cameraId_variable",
                "interface": "string",
                "overridable": true,
                "decorator": {
                    "title": "cameraId variable for ppe",
                    "description": "Let the application know where to send the file via the environment"
                }
            }

        ],
        "edges": [
            {
                "producer": "front_door_camera.video_out",
                "consumer": "ppe_panorama_app_node.video_in"
            },
            {
                "producer": "ppe_panorama_app_node.video_out",
                "consumer": "output_node.video_in"
            },
            {
                "producer": "environment_variable",
                "consumer": "ppe_panorama_app_node.env"
            },
            {
                "producer": "region_variable",
                "consumer": "ppe_panorama_app_node.region"
            },
            {
                "producer": "deviceId_variable",
                "consumer": "ppe_panorama_app_node.deviceId"
            },
            {
                "producer": "cameraId_variable",
                "consumer": "ppe_panorama_app_node.cameraId"
            }
        ]
    }
}